﻿<?xml version="1.0" encoding="utf-8"?>
<Sequence>
  <Action type="0">A</Action>
  <Action type="1">500</Action>
  <Action type="2" tolerance="100" x1="10" y1="10" x2="700" y2="500" sequenceIfExpired="1sec" waitTime="10">Capture d'écran 2023-12-31 145554.png</Action>
  <Action type="3" tolerance="100" x1="50" y1="50" x2="500" y2="1000" ifTrueSequence="TEST.xml" ifFalseSequence="TEST.xml"></Action>
  <Action type="4">TEST.xml</Action>
  <Action type="5" clic="Left" x="50" y="50" />
  <Action type="6" nbRepetition="1">kelpsy</Action>
  <Action type="0">t</Action>
  <Action type="1">666</Action>
</Sequence>