﻿<?xml version="1.0" encoding="utf-8"?>
<Sequence>
  <Action type="1">2000</Action>
  <Action type="5" clic="middle" x="1781" y="28" x2="-2" y2="4" isDoubleClick="true" isDrag="false" dragSpeed="4" />
  <Action type="2" tolerance="100" x1="1" y1="955" x2="168" y2="1079" sequenceIfExpired="1sec" waitTime="15">27_02_2024_17_56_28.png</Action>
  <Action type="5" clic="Left" x="29" y="1064" x2="0" y2="0" isDoubleClick="false" isDrag="false" dragSpeed="0" />
  <Action type="1">1000</Action>
  <Action type="3" tolerance="0" x1="90" y1="323" x2="630" y2="839" ifFound="EMPTY" ifNotFound="EMPTY">Capture d'écran 2024-01-07 190631.png</Action>
  <Action type="5" clic="Left" x="477" y="412" x2="0" y2="0" isDoubleClick="false" isDrag="false" dragSpeed="0" />
</Sequence>