﻿<?xml version="1.0" encoding="utf-8"?>
<Sequence>
  <Action type="5" clic="left" x="1090" y="400" x2="1290" y2="400" isDoubleClick="false" isDrag="true" dragSpeed="1" />
  <Action type="1">1000</Action>
  <Action type="5" clic="left" x="1290" y="400" x2="1290" y2="600" isDoubleClick="false" isDrag="true" dragSpeed="2" />
  <Action type="1">1000</Action>
  <Action type="5" clic="left" x="1290" y="600" x2="1090" y2="600" isDoubleClick="false" isDrag="true" dragSpeed="3" />
  <Action type="1">1000</Action>
  <Action type="5" clic="left" x="1090" y="600" x2="1090" y2="400" isDoubleClick="false" isDrag="true" dragSpeed="4" />
  <Action type="1">1000</Action>
  <Action type="5" clic="left" x="1090" y="400" x2="1290" y2="600" isDoubleClick="false" isDrag="true" dragSpeed="5" />
  <Action type="1">1000</Action>
  <Action type="5" clic="left" x="1290" y="400" x2="1090" y2="600" isDoubleClick="false" isDrag="true" dragSpeed="1" />
</Sequence>