﻿<?xml version="1.0" encoding="utf-8"?>
<Sequence>
  <Action type="5" clic="Left" x="1282" y="1086" />
  <Action type="1">30</Action>
  <Action type="5" clic="Left" x="1282" y="1086" />
  <Action type="1">30</Action>
  <Action type="5" clic="Left" x="1282" y="1086" />
  <Action type="1">30</Action>
  <Action type="5" clic="Left" x="1567" y="1089" />
  <Action type="1">30</Action>
  <Action type="5" clic="Left" x="1393" y="403" />
  <Action type="1">30</Action>
  <Action type="5" clic="Left" x="1986" y="601" />
  <Action type="1">30</Action>
  <Action type="5" clic="Left" x="2329" y="604" />
  <Action type="1">30</Action>
  <Action type="5" clic="Left" x="1954" y="1186" />
  <Action type="1">30</Action>
  <Action type="5" clic="Left" x="2338" y="1177" />
  <Action type="1">30</Action>
  <Action type="1">50000</Action>
  <Action type="5" clic="Left" x="1267" y="1077" />
  <Action type="1">30</Action>
  <Action type="5" clic="Left" x="1424" y="484" />
  <Action type="1">30</Action>
  <Action type="5" clic="Left" x="2141" y="604" />
  <Action type="1">30</Action>
  <Action type="5" clic="Left" x="2534" y="780" />
  <Action type="1">30</Action>
  <Action type="5" clic="Left" x="2146" y="1176" />
  <Action type="1">30</Action>
  <Action type="5" clic="Left" x="1773" y="799" />
  <Action type="1">120000</Action>
  <Action type="5" clic="Left" x="1515" y="1154" />
</Sequence>