﻿<?xml version="1.0" encoding="utf-8"?>
<Sequence>
  <Action type="5" clic="Left" x="3803" y="20" />
  <Action type="1">1000</Action>
  <Action type="4">start_edge_astralya.xml</Action>
  <Action type="1">5000</Action>
  <Action type="4">clic_site_1.xml</Action>
  <Action type="1">60000</Action>
  <Action type="5" clic="Left" x="275" y="22" />
  <Action type="1">10000</Action>
  <Action type="4">clic_site_5.xml</Action>
  <Action type="1">60000</Action>
  <Action type="5" clic="Left" x="275" y="22" />
  <Action type="1">10000</Action>
  <Action type="4">clic_site_7.xml</Action>
  <Action type="1">10000</Action>
  <Action type="5" clic="Left" x="275" y="22" />
  <Action type="1">10000</Action>
  <Action type="4">clic_site_8.xml</Action>
  <Action type="1">10000</Action>
  <Action type="5" clic="Left" x="275" y="22" />
  <Action type="1">10000</Action>
  <Action type="5" clic="Left" x="3804" y="26" />
  <Action type="1">900000</Action>
</Sequence>